kind	size	path
file	8608	artifacts/downloads/jgm/pandoc/pandoc-lua-engine/src/Text/Pandoc/Lua/Writer/Classic.hs
file	2564	artifacts/downloads/jgm/pandoc/src/Text/Pandoc.hs
file	54088	artifacts/downloads/jgm/pandoc/src/Text/Pandoc/App/CommandLineOptions.hs
file	15502	artifacts/downloads/jgm/pandoc/src/Text/Pandoc/Chunks.hs
file	52343	artifacts/downloads/jgm/pandoc/src/Text/Pandoc/Citeproc/BibTeX.hs
file	1781	artifacts/downloads/jgm/pandoc/src/Text/Pandoc/CSS.hs
file	1329	artifacts/downloads/jgm/pandoc/src/Text/Pandoc/Image.hs
file	23298	artifacts/downloads/jgm/pandoc/src/Text/Pandoc/ImageSize.hs
file	21147	artifacts/downloads/jgm/pandoc/src/Text/Pandoc/Options.hs
file	58582	artifacts/downloads/jgm/pandoc/src/Text/Pandoc/Readers/Docx/Parse.hs
file	53237	artifacts/downloads/jgm/pandoc/src/Text/Pandoc/Readers/LaTeX.hs
file	47611	artifacts/downloads/jgm/pandoc/src/Text/Pandoc/Readers/Mdoc.hs
file	3926	artifacts/downloads/jgm/pandoc/src/Text/Pandoc/Readers/ODT/Generic/Utils.hs
file	1634	artifacts/downloads/jgm/pandoc/src/Text/Pandoc/TeX.hs
file	34848	artifacts/downloads/jgm/pandoc/src/Text/Pandoc/Writers/ConTeXt.hs
file	63924	artifacts/downloads/jgm/pandoc/src/Text/Pandoc/Writers/LaTeX.hs
file	1839	artifacts/downloads/jgm/pandoc/src/Text/Pandoc/Writers/Math.hs
file	20272	artifacts/downloads/jgm/pandoc/src/Text/Pandoc/Writers/Texinfo.hs
file	59162	artifacts/downloads/jgm/pandoc/test/Tests/Readers/Muse.hs
file	1012	artifacts/gists/01_jgm_pandoc__src_Text_Pandoc_TeX.hs.md
file	1146	artifacts/gists/01_jgm_pandoc__src_Text_Pandoc_Writers_LaTeX.hs.md
file	1161	artifacts/gists/01_jgm_pandoc__src_Text_Pandoc.hs.md
file	910	artifacts/gists/02_jgm_pandoc__src_Text_Pandoc_CSS.hs.md
file	1036	artifacts/gists/02_jgm_pandoc__test_Tests_Readers_Muse.hs.md
file	1060	artifacts/gists/03_jgm_pandoc__src_Text_Pandoc_Chunks.hs.md
file	1035	artifacts/gists/03_jgm_pandoc__src_Text_Pandoc_Image.hs.md
file	1279	artifacts/gists/03_jgm_pandoc__src_Text_Pandoc_Readers_Docx_Parse.hs.md
file	1218	artifacts/gists/04_jgm_pandoc__src_Text_Pandoc_App_CommandLineOptions.hs.md
file	1061	artifacts/gists/04_jgm_pandoc__src_Text_Pandoc_Options.hs.md
file	1054	artifacts/gists/04_jgm_pandoc__src_Text_Pandoc_Writers_Math.hs.md
file	1126	artifacts/gists/05_jgm_pandoc__src_Text_Pandoc_ImageSize.hs.md
file	1237	artifacts/gists/05_jgm_pandoc__src_Text_Pandoc_Readers_LaTeX.hs.md
file	729	artifacts/gists/05_jgm_pandoc__src_Text_Pandoc_Readers_Typst_Parsing.hs.md
file	1200	artifacts/gists/06_jgm_pandoc__src_Text_Pandoc_Citeproc_BibTeX.hs.md
file	1016	artifacts/gists/06_jgm_pandoc__src_Text_Pandoc_Readers_Mdoc.hs.md
file	904	artifacts/gists/06_jgm_pandoc__src_Text_Pandoc_Writers_LaTeX_Notes.hs.md
file	962	artifacts/gists/07_jgm_pandoc__src_Text_Pandoc_Readers_ODT_Generic_Utils.hs.md
file	1241	artifacts/gists/07_jgm_pandoc__src_Text_Pandoc_Writers_Powerpoint_Presentation.hs.md
file	1161	artifacts/gists/07_koalaman_shellcheck__src_ShellCheck_Prelude.hs.md
file	1126	artifacts/gists/08_jgm_pandoc__pandoc-lua-engine_src_Text_Pandoc_Lua_Writer_Classic.hs.md
file	982	artifacts/gists/08_jgm_pandoc__src_Text_Pandoc_Readers_Mdoc.hs.md
file	856	artifacts/gists/08_koalaman_shellcheck__src_ShellCheck_Checks_Custom.hs.md
file	1145	artifacts/gists/09_jgm_pandoc__src_Text_Pandoc_Writers_Texinfo.hs.md
file	1299	artifacts/gists/09_koalaman_shellcheck__src_ShellCheck_CFGAnalysis.hs.md
file	1124	artifacts/gists/10_jgm_pandoc__src_Text_Pandoc_Writers_ConTeXt.hs.md
file	1286	artifacts/gists/10_koalaman_shellcheck__src_ShellCheck_CFG.hs.md
file	1084	artifacts/gists/11_jgm_pandoc__src_Text_Pandoc_Readers_Docx_Util.hs.md
file	915	artifacts/gists/12_jgm_pandoc__src_Text_Pandoc_Image.hs.md
file	1007	artifacts/gists/13_jgm_pandoc__pandoc.cabal.md
file	1121	artifacts/gists/14_jgm_pandoc__pandoc-lua-engine_pandoc-lua-engine.cabal.md
file	1068	artifacts/gists/15_jgm_pandoc__pandoc-server_pandoc-server.cabal.md
file	1000	artifacts/gists/16_jgm_pandoc__pandoc-cli_pandoc-cli.cabal.md
file	308	artifacts/gists/17_hadolint_hadolint__Setup.hs.md
file	724	artifacts/gists/18_hadolint_hadolint__app_Main.hs.md
file	1215	artifacts/gists/index.md
file	4443	artifacts/github_haskell_blink.html
file	287	artifacts/github_haskell_complex.tsv
file	13686	artifacts/github_haskell_samples.json
file	2656	artifacts/github_haskell_samples.md
file	135	artifacts/github_haskell_xy.tsv
file	374	core/build-fast.ps1
file	158	core/es.hs.hasel
file	7135	core/haskell_compactify.hs
file	3545	core/jumping_spider_prime.hs
file	381	core/openclaw-build.yaml
file	28943	core/spider_dedupe.hs
file	1400	hasel2/ADAPTERS.yaml
file	1148	hasel2/BIO.md
file	685	hasel2/EICHHOERNCHEN-OS.yaml
file	1765	hasel2/go/main.go
file	1733	hasel2/haskell/Main.hs
file	124	hasel2/purescript/spago.yaml
file	1823	hasel2/purescript/src/Main.purs
file	17128	hasel2/python/github_haskell_xy.py
file	1231	hasel2/python/main.py
file	1104	hasel2/README.md
file	155	hasel2/rust/Cargo.lock
file	83	hasel2/rust/Cargo.toml
file	1457	hasel2/rust/src/main.rs
file	1085	hasel2/rust/target/.rustc_info.json
file	177	hasel2/rust/target/CACHEDIR.TAG
file	0	hasel2/rust/target/debug/.cargo-lock
file	16	hasel2/rust/target/debug/.fingerprint/hasel2-rust-8e648b0eee3706fd/bin-hasel2-rust
file	356	hasel2/rust/target/debug/.fingerprint/hasel2-rust-8e648b0eee3706fd/bin-hasel2-rust.json
file	31	hasel2/rust/target/debug/.fingerprint/hasel2-rust-8e648b0eee3706fd/dep-bin-hasel2-rust
file	48	hasel2/rust/target/debug/.fingerprint/hasel2-rust-8e648b0eee3706fd/invoked.timestamp
file	211	hasel2/rust/target/debug/deps/hasel2_rust.d
file	238080	hasel2/rust/target/debug/deps/hasel2_rust.exe
file	2060288	hasel2/rust/target/debug/deps/hasel2_rust.pdb
file	2060288	hasel2/rust/target/debug/hasel2_rust.pdb
file	146	hasel2/rust/target/debug/hasel2-rust.d
file	238080	hasel2/rust/target/debug/hasel2-rust.exe
file	2105	hasel2/rust/target/debug/incremental/hasel2_rust-30hbyfd5qto1x/s-hglbapohwk-01k44q1-e6hw88d7jkfakd80ov0krxhj8/042q28qfq8wpgmluuilmykt7i.o
file	4803	hasel2/rust/target/debug/incremental/hasel2_rust-30hbyfd5qto1x/s-hglbapohwk-01k44q1-e6hw88d7jkfakd80ov0krxhj8/06w43ez9zu21t279iet4owzcv.o
file	14642	hasel2/rust/target/debug/incremental/hasel2_rust-30hbyfd5qto1x/s-hglbapohwk-01k44q1-e6hw88d7jkfakd80ov0krxhj8/0gr5vpqz9d2j4dp92k7hr7vhl.o
file	9891	hasel2/rust/target/debug/incremental/hasel2_rust-30hbyfd5qto1x/s-hglbapohwk-01k44q1-e6hw88d7jkfakd80ov0krxhj8/0w43e61w07sfo6vtysj7klqce.o
file	99781	hasel2/rust/target/debug/incremental/hasel2_rust-30hbyfd5qto1x/s-hglbapohwk-01k44q1-e6hw88d7jkfakd80ov0krxhj8/1616nbukvancaz9oz5r8tomua.o
file	11038	hasel2/rust/target/debug/incremental/hasel2_rust-30hbyfd5qto1x/s-hglbapohwk-01k44q1-e6hw88d7jkfakd80ov0krxhj8/1fiu0y488hodjcj23gbghlq7h.o
file	5947	hasel2/rust/target/debug/incremental/hasel2_rust-30hbyfd5qto1x/s-hglbapohwk-01k44q1-e6hw88d7jkfakd80ov0krxhj8/1rsdalgx26xgs6ukqlb0yqi1h.o
file	19079	hasel2/rust/target/debug/incremental/hasel2_rust-30hbyfd5qto1x/s-hglbapohwk-01k44q1-e6hw88d7jkfakd80ov0krxhj8/1ta0qtrd803i8rek1jb2ywyrx.o
file	11180	hasel2/rust/target/debug/incremental/hasel2_rust-30hbyfd5qto1x/s-hglbapohwk-01k44q1-e6hw88d7jkfakd80ov0krxhj8/1ynn37vkzrnad60kxlx3zozx1.o
file	4143	hasel2/rust/target/debug/incremental/hasel2_rust-30hbyfd5qto1x/s-hglbapohwk-01k44q1-e6hw88d7jkfakd80ov0krxhj8/2105liujylfb28bits5noz6n4.o
file	11216	hasel2/rust/target/debug/incremental/hasel2_rust-30hbyfd5qto1x/s-hglbapohwk-01k44q1-e6hw88d7jkfakd80ov0krxhj8/26drpf8sueqrlt59nl6z9paf6.o
file	13291	hasel2/rust/target/debug/incremental/hasel2_rust-30hbyfd5qto1x/s-hglbapohwk-01k44q1-e6hw88d7jkfakd80ov0krxhj8/26j2ku9ur6p8rujuq669e13fm.o
file	36911	hasel2/rust/target/debug/incremental/hasel2_rust-30hbyfd5qto1x/s-hglbapohwk-01k44q1-e6hw88d7jkfakd80ov0krxhj8/29y01fnopq2w0mkeyvv3ahbws.o
file	35794	hasel2/rust/target/debug/incremental/hasel2_rust-30hbyfd5qto1x/s-hglbapohwk-01k44q1-e6hw88d7jkfakd80ov0krxhj8/2ayygsuo4hcxzdt874z51fh4c.o
file	21150	hasel2/rust/target/debug/incremental/hasel2_rust-30hbyfd5qto1x/s-hglbapohwk-01k44q1-e6hw88d7jkfakd80ov0krxhj8/2ezsrg4s0avlj6rmyzu8xgfih.o
file	80521	hasel2/rust/target/debug/incremental/hasel2_rust-30hbyfd5qto1x/s-hglbapohwk-01k44q1-e6hw88d7jkfakd80ov0krxhj8/2rooqxg0c3do4w6ej96q1msfc.o
file	57519	hasel2/rust/target/debug/incremental/hasel2_rust-30hbyfd5qto1x/s-hglbapohwk-01k44q1-e6hw88d7jkfakd80ov0krxhj8/30lsofsx6x738l7g2f3i8waq5.o
file	11647	hasel2/rust/target/debug/incremental/hasel2_rust-30hbyfd5qto1x/s-hglbapohwk-01k44q1-e6hw88d7jkfakd80ov0krxhj8/3fazmtzwdx2u96vmqiw2qzo2z.o
file	4774	hasel2/rust/target/debug/incremental/hasel2_rust-30hbyfd5qto1x/s-hglbapohwk-01k44q1-e6hw88d7jkfakd80ov0krxhj8/3u4q8icstubam1nh8072qepsx.o
file	4986	hasel2/rust/target/debug/incremental/hasel2_rust-30hbyfd5qto1x/s-hglbapohwk-01k44q1-e6hw88d7jkfakd80ov0krxhj8/3wd3n7rkby78fyqbiii8o7ccv.o
file	27632	hasel2/rust/target/debug/incremental/hasel2_rust-30hbyfd5qto1x/s-hglbapohwk-01k44q1-e6hw88d7jkfakd80ov0krxhj8/47blwqdq8vxjdppec0zwytvmh.o
file	78232	hasel2/rust/target/debug/incremental/hasel2_rust-30hbyfd5qto1x/s-hglbapohwk-01k44q1-e6hw88d7jkfakd80ov0krxhj8/4b7182hr68s0phhv9ryfr5da0.o
file	5978	hasel2/rust/target/debug/incremental/hasel2_rust-30hbyfd5qto1x/s-hglbapohwk-01k44q1-e6hw88d7jkfakd80ov0krxhj8/59utnpld7pbqxk1mtjgnpmpyv.o
file	3176	hasel2/rust/target/debug/incremental/hasel2_rust-30hbyfd5qto1x/s-hglbapohwk-01k44q1-e6hw88d7jkfakd80ov0krxhj8/5vf8phea8rmfcgegq2k3fxt2e.o
file	17815	hasel2/rust/target/debug/incremental/hasel2_rust-30hbyfd5qto1x/s-hglbapohwk-01k44q1-e6hw88d7jkfakd80ov0krxhj8/5vvl8qy0igp1ip2q3idadp47r.o
file	38380	hasel2/rust/target/debug/incremental/hasel2_rust-30hbyfd5qto1x/s-hglbapohwk-01k44q1-e6hw88d7jkfakd80ov0krxhj8/6aoe5z08e4yjpurgfx99szh9j.o
file	4789	hasel2/rust/target/debug/incremental/hasel2_rust-30hbyfd5qto1x/s-hglbapohwk-01k44q1-e6hw88d7jkfakd80ov0krxhj8/6d2n3fw5exqwozjgxvbhieky2.o
file	9626	hasel2/rust/target/debug/incremental/hasel2_rust-30hbyfd5qto1x/s-hglbapohwk-01k44q1-e6hw88d7jkfakd80ov0krxhj8/6ew6kyu13n4ucxhloey91xo9t.o
file	6934	hasel2/rust/target/debug/incremental/hasel2_rust-30hbyfd5qto1x/s-hglbapohwk-01k44q1-e6hw88d7jkfakd80ov0krxhj8/6osj8xm49aq029ybl0l0w80bc.o
file	46580	hasel2/rust/target/debug/incremental/hasel2_rust-30hbyfd5qto1x/s-hglbapohwk-01k44q1-e6hw88d7jkfakd80ov0krxhj8/6qqdvbglwgj2j4qdjf95vxts2.o
file	17907	hasel2/rust/target/debug/incremental/hasel2_rust-30hbyfd5qto1x/s-hglbapohwk-01k44q1-e6hw88d7jkfakd80ov0krxhj8/6s3xa6yyzugv9dr5hku1ju5h4.o
file	53750	hasel2/rust/target/debug/incremental/hasel2_rust-30hbyfd5qto1x/s-hglbapohwk-01k44q1-e6hw88d7jkfakd80ov0krxhj8/6stc512ue9uguooo8jlpvtk67.o
file	5253	hasel2/rust/target/debug/incremental/hasel2_rust-30hbyfd5qto1x/s-hglbapohwk-01k44q1-e6hw88d7jkfakd80ov0krxhj8/6tn1aopxtghqxcahydf2k2n4o.o
file	11766	hasel2/rust/target/debug/incremental/hasel2_rust-30hbyfd5qto1x/s-hglbapohwk-01k44q1-e6hw88d7jkfakd80ov0krxhj8/6u5p920ztqyq852r9u9dsejrg.o
file	15143	hasel2/rust/target/debug/incremental/hasel2_rust-30hbyfd5qto1x/s-hglbapohwk-01k44q1-e6hw88d7jkfakd80ov0krxhj8/72y1c00p7y4kuiodsjqjft9js.o
file	29660	hasel2/rust/target/debug/incremental/hasel2_rust-30hbyfd5qto1x/s-hglbapohwk-01k44q1-e6hw88d7jkfakd80ov0krxhj8/7cmxb7lmvnfodrwjoqvqifm87.o
file	9961	hasel2/rust/target/debug/incremental/hasel2_rust-30hbyfd5qto1x/s-hglbapohwk-01k44q1-e6hw88d7jkfakd80ov0krxhj8/7kpb6t34zyvrosx21gqr3cxj0.o
file	14390	hasel2/rust/target/debug/incremental/hasel2_rust-30hbyfd5qto1x/s-hglbapohwk-01k44q1-e6hw88d7jkfakd80ov0krxhj8/7xk0l0kgg62jswdpg6n28l38a.o
file	47077	hasel2/rust/target/debug/incremental/hasel2_rust-30hbyfd5qto1x/s-hglbapohwk-01k44q1-e6hw88d7jkfakd80ov0krxhj8/87p866xmtdujmwhadxmn5o44q.o
file	7039	hasel2/rust/target/debug/incremental/hasel2_rust-30hbyfd5qto1x/s-hglbapohwk-01k44q1-e6hw88d7jkfakd80ov0krxhj8/8j3bm8pq21r9lfq03vztfn39j.o
file	14620	hasel2/rust/target/debug/incremental/hasel2_rust-30hbyfd5qto1x/s-hglbapohwk-01k44q1-e6hw88d7jkfakd80ov0krxhj8/8j822ngz7q3it4svyaghlyz4b.o
file	13171	hasel2/rust/target/debug/incremental/hasel2_rust-30hbyfd5qto1x/s-hglbapohwk-01k44q1-e6hw88d7jkfakd80ov0krxhj8/8jkba9jzgrdksg9c7aotqxwfu.o
file	12481	hasel2/rust/target/debug/incremental/hasel2_rust-30hbyfd5qto1x/s-hglbapohwk-01k44q1-e6hw88d7jkfakd80ov0krxhj8/8pw766d94sy82ag4ferxv0iip.o
file	2607	hasel2/rust/target/debug/incremental/hasel2_rust-30hbyfd5qto1x/s-hglbapohwk-01k44q1-e6hw88d7jkfakd80ov0krxhj8/9baitoqhknwctofam89ho07d2.o
file	8568	hasel2/rust/target/debug/incremental/hasel2_rust-30hbyfd5qto1x/s-hglbapohwk-01k44q1-e6hw88d7jkfakd80ov0krxhj8/9k94s5rtykoozc0sfzmwj7xgp.o
file	27256	hasel2/rust/target/debug/incremental/hasel2_rust-30hbyfd5qto1x/s-hglbapohwk-01k44q1-e6hw88d7jkfakd80ov0krxhj8/a1cuc07tgeeb9pdlsmgji03xw.o
file	51373	hasel2/rust/target/debug/incremental/hasel2_rust-30hbyfd5qto1x/s-hglbapohwk-01k44q1-e6hw88d7jkfakd80ov0krxhj8/ad6iahfme68k2l6ad7a68dgyk.o
file	2508	hasel2/rust/target/debug/incremental/hasel2_rust-30hbyfd5qto1x/s-hglbapohwk-01k44q1-e6hw88d7jkfakd80ov0krxhj8/ap2pk1zdn20sk6wzj5foth1et.o
file	1506	hasel2/rust/target/debug/incremental/hasel2_rust-30hbyfd5qto1x/s-hglbapohwk-01k44q1-e6hw88d7jkfakd80ov0krxhj8/b3dfvdvgmo12zbueuguusi67j.o
file	6984	hasel2/rust/target/debug/incremental/hasel2_rust-30hbyfd5qto1x/s-hglbapohwk-01k44q1-e6hw88d7jkfakd80ov0krxhj8/c48wr6h7yfnipxc6alhazgh8h.o
file	3999	hasel2/rust/target/debug/incremental/hasel2_rust-30hbyfd5qto1x/s-hglbapohwk-01k44q1-e6hw88d7jkfakd80ov0krxhj8/c9s2l3mi3x6f757f8niob1439.o
file	23728	hasel2/rust/target/debug/incremental/hasel2_rust-30hbyfd5qto1x/s-hglbapohwk-01k44q1-e6hw88d7jkfakd80ov0krxhj8/cgbx99o3kxo4ynp41p5ad90do.o
file	78777	hasel2/rust/target/debug/incremental/hasel2_rust-30hbyfd5qto1x/s-hglbapohwk-01k44q1-e6hw88d7jkfakd80ov0krxhj8/cn6xutc0mhp3aggnrnnzofgbj.o
file	22544	hasel2/rust/target/debug/incremental/hasel2_rust-30hbyfd5qto1x/s-hglbapohwk-01k44q1-e6hw88d7jkfakd80ov0krxhj8/cnh51bluv4szxk62evaq7dd94.o
file	21157	hasel2/rust/target/debug/incremental/hasel2_rust-30hbyfd5qto1x/s-hglbapohwk-01k44q1-e6hw88d7jkfakd80ov0krxhj8/cunpfsreap2f09hu9jtlnwhpm.o
file	2977	hasel2/rust/target/debug/incremental/hasel2_rust-30hbyfd5qto1x/s-hglbapohwk-01k44q1-e6hw88d7jkfakd80ov0krxhj8/cvibqylytc219zspom4bhgvaj.o
file	4267	hasel2/rust/target/debug/incremental/hasel2_rust-30hbyfd5qto1x/s-hglbapohwk-01k44q1-e6hw88d7jkfakd80ov0krxhj8/cydzv8hzy2iq48yzb0jpqzul9.o
file	1202167	hasel2/rust/target/debug/incremental/hasel2_rust-30hbyfd5qto1x/s-hglbapohwk-01k44q1-e6hw88d7jkfakd80ov0krxhj8/dep-graph.bin
file	5502	hasel2/rust/target/debug/incremental/hasel2_rust-30hbyfd5qto1x/s-hglbapohwk-01k44q1-e6hw88d7jkfakd80ov0krxhj8/djxw3dyuap8drfluuvzzm0t4o.o
file	11992	hasel2/rust/target/debug/incremental/hasel2_rust-30hbyfd5qto1x/s-hglbapohwk-01k44q1-e6hw88d7jkfakd80ov0krxhj8/dl8xbemoykkg5rifrliegbuud.o
file	12028	hasel2/rust/target/debug/incremental/hasel2_rust-30hbyfd5qto1x/s-hglbapohwk-01k44q1-e6hw88d7jkfakd80ov0krxhj8/dm6ah52034l370u7nmxtng1pb.o
file	3512	hasel2/rust/target/debug/incremental/hasel2_rust-30hbyfd5qto1x/s-hglbapohwk-01k44q1-e6hw88d7jkfakd80ov0krxhj8/e11m5ask3x97tu9h27x225f7q.o
file	14209	hasel2/rust/target/debug/incremental/hasel2_rust-30hbyfd5qto1x/s-hglbapohwk-01k44q1-e6hw88d7jkfakd80ov0krxhj8/e3qow59p7qncgwj1whbvfpefk.o
file	4080	hasel2/rust/target/debug/incremental/hasel2_rust-30hbyfd5qto1x/s-hglbapohwk-01k44q1-e6hw88d7jkfakd80ov0krxhj8/e6kka8dcwwjx920dipkhh86ek.o
file	5995	hasel2/rust/target/debug/incremental/hasel2_rust-30hbyfd5qto1x/s-hglbapohwk-01k44q1-e6hw88d7jkfakd80ov0krxhj8/e7w6aveywq9myw2606bz7uxvn.o
file	5402	hasel2/rust/target/debug/incremental/hasel2_rust-30hbyfd5qto1x/s-hglbapohwk-01k44q1-e6hw88d7jkfakd80ov0krxhj8/einfky1td2gwkml3mcjjz1mgs.o
file	2114	hasel2/rust/target/debug/incremental/hasel2_rust-30hbyfd5qto1x/s-hglbapohwk-01k44q1-e6hw88d7jkfakd80ov0krxhj8/emw1qky7acmse1qzmbt0lymea.o
file	7793	hasel2/rust/target/debug/incremental/hasel2_rust-30hbyfd5qto1x/s-hglbapohwk-01k44q1-e6hw88d7jkfakd80ov0krxhj8/eroncxk9iq9hgj6uzdpuj63qt.o
file	341846	hasel2/rust/target/debug/incremental/hasel2_rust-30hbyfd5qto1x/s-hglbapohwk-01k44q1-e6hw88d7jkfakd80ov0krxhj8/query-cache.bin
file	5142	hasel2/rust/target/debug/incremental/hasel2_rust-30hbyfd5qto1x/s-hglbapohwk-01k44q1-e6hw88d7jkfakd80ov0krxhj8/work-products.bin
file	0	hasel2/rust/target/debug/incremental/hasel2_rust-30hbyfd5qto1x/s-hglbapohwk-01k44q1.lock
file	1064	hasel2/typescript/main.ts
file	550	hasel2/verify.ps1
